,ACCx,ACCy,ACCz,ECG,RESP,LABEL
0,0.9553999900817872,-0.22200000286102292,-0.5579999685287476,0.02142333984375,-1.14898681640625,0.0
1,0.9257999658584596,-0.2215999960899353,-0.5537999868392944,0.02032470703125,-1.12457275390625,0.0
2,0.9082000255584716,-0.21960002183914185,-0.5392000079154968,0.0165252685546875,-1.15203857421875,0.0
3,0.8974000215530396,-0.2102000117301941,-0.5121999979019165,0.0167083740234375,-1.15814208984375,0.0
4,0.888200044631958,-0.2035999894142151,-0.4824000000953674,0.0116729736328125,-1.16119384765625,0.0
5,0.8822000026702881,-0.19539999961853027,-0.4453999996185303,0.0048980712890625,-1.165771484375,0.0
6,0.8760000467300415,-0.1866000294685364,-0.4143999814987183,0.0027923583984375,-1.129150390625,0.0
7,0.8680000305175781,-0.1809999942779541,-0.3855999708175659,0.0060882568359375,-1.153564453125,0.0
8,0.8522000312805176,-0.17659997940063474,-0.3601999878883362,0.0099334716796875,-1.15203857421875,0.0
9,0.8334000110626221,-0.17619997262954712,-0.3425999879837036,0.0103912353515625,-1.21917724609375,0.0
10,0.818600058555603,-0.17339998483657834,-0.3335999846458435,0.0068206787109375,-1.14898681640625,0.0
11,0.8057999610900879,-0.16820001602172852,-0.32499998807907104,0.0032501220703125,-1.16424560546875,0.0
12,0.7934000492095947,-0.16500002145767212,-0.32179999351501465,-0.0010528564453125,-1.1749267578125,0.0
13,0.7735999822616577,-0.15780001878738406,-0.321399986743927,-0.0074615478515625,-1.1749267578125,0.0
14,0.7585999965667725,-0.1525999903678894,-0.32020002603530884,-0.01373291015625,-1.18255615234375,0.0
15,0.7505999803543091,-0.1470000147819519,-0.32179999351501465,-0.0166168212890625,-1.16119384765625,0.0
16,0.7397999763488771,-0.14259999990463254,-0.32179999351501465,-0.0189971923828125,-1.15203857421875,0.0
17,0.7338000535964966,-0.13620001077651978,-0.3256000280380249,-0.0211944580078125,-1.17034912109375,0.0
18,0.7272000312805176,-0.1266000270843506,-0.3357999920845032,-0.0223846435546875,-1.16424560546875,0.0
19,0.7258000373840332,-0.11779999732971193,-0.3470000028610229,-0.0235748291015625,-1.17645263671875,0.0
20,0.7302000522613525,-0.11000001430511476,-0.3586000204086304,-0.0217437744140625,-1.26800537109375,0.0
21,0.7336000204086304,-0.09880000352859496,-0.3650000095367432,-0.0166168212890625,-1.171875,0.0
22,0.7405999898910522,-0.0878000259399414,-0.3705999851226807,-0.0086517333984375,-1.177978515625,0.0
23,0.7522000074386597,-0.07639998197555542,-0.37199997901916493,0.0007781982421875,-1.14898681640625,0.0
24,0.76419997215271,-0.0658000111579895,-0.3718000054359436,0.0076446533203125,-1.18255615234375,0.0
25,0.7813999652862549,-0.05900001525878906,-0.3658000230789185,0.01446533203125,-1.17645263671875,0.0
26,0.7977999448776245,-0.04839998483657837,-0.3582000136375427,0.0200958251953125,-1.16119384765625,0.0
27,0.8106000423431396,-0.041400015354156494,-0.35259997844696045,0.0244903564453125,-1.18255615234375,0.0
28,0.8281999826431274,-0.036199986934661865,-0.3416000008583069,0.0278778076171875,-1.17645263671875,0.0
29,0.8458000421524048,-0.03100001811981201,-0.3285999894142151,0.0331878662109375,-1.18560791015625,0.0
30,0.8633999824523926,-0.028999984264373783,-0.31360000371932983,0.0378570556640625,-1.1627197265625,0.0
31,0.8746000528335571,-0.02499997615814209,-0.2993999719619751,0.0419769287109375,-1.33819580078125,0.0
32,0.8894000053405762,-0.029600024223327637,-0.2857999801635742,0.04412841796875,-1.18560791015625,0.0
33,0.9016000032424928,-0.03460001945495605,-0.2781999707221985,0.0457305908203125,-1.16119384765625,0.0
34,0.9085999727249146,-0.03799998760223389,-0.2781999707221985,0.0466461181640625,-1.1932373046875,0.0
35,0.9138000011444092,-0.04460000991821289,-0.2710000276565552,0.04632568359375,-1.18865966796875,0.0
36,0.917799949645996,-0.05419999361038208,-0.2621999979019165,0.0475616455078125,-1.19781494140625,0.0
37,0.9193999767303468,-0.06419998407363893,-0.25620001554489136,0.0503997802734375,-1.20391845703125,0.0
38,0.9154000282287598,-0.0722000002861023,-0.2541999816894531,0.0529632568359375,-1.19171142578125,0.0
39,0.9149999618530272,-0.08179998397827147,-0.25620001554489136,0.0530548095703125,-1.1749267578125,0.0
40,0.9118000268936156,-0.0925999879837036,-0.2537999749183655,0.0546112060546875,-1.39617919921875,0.0
41,0.909000039100647,-0.10100001096725464,-0.2580000162124634,0.0574493408203125,-1.15814208984375,0.0
42,0.9057999849319458,-0.10939997434616087,-0.2613999843597412,0.0602874755859375,-1.19476318359375,0.0
43,0.9054000377655028,-0.11699998378753662,-0.26520001888275146,0.0610198974609375,-1.20697021484375,0.0
44,0.9026000499725342,-0.12459999322891235,-0.2670000195503235,0.06500244140625,-1.20086669921875,0.0
45,0.8961999416351318,-0.13020002841949466,-0.26660001277923584,0.0732879638671875,-1.19781494140625,0.0
46,0.8935999870300293,-0.13520002365112305,-0.2694000005722046,0.0785980224609375,-1.177978515625,0.0
47,0.8904000520706177,-0.13980001211166382,-0.2710000276565552,0.076446533203125,-1.36566162109375,0.0
48,0.8910000324249268,-0.14259999990463254,-0.2710000276565552,0.0656890869140625,-1.202392578125,0.0
49,0.888200044631958,-0.149399995803833,-0.2721999883651733,0.05328369140625,-1.19781494140625,0.0
50,0.8822000026702881,-0.15399998426437378,-0.2766000032424927,0.0452728271484375,-1.20086669921875,0.0
51,0.878600001335144,-0.1525999903678894,-0.2833999991416931,0.0427093505859375,-1.190185546875,0.0
52,0.8782000541687012,-0.15380001068115234,-0.28780001401901245,0.0428009033203125,-1.35650634765625,0.0
53,0.8775999546051025,-0.15380001068115234,-0.29079997539520264,0.04595947265625,-1.20391845703125,0.0
54,0.8766000270843506,-0.14899998903274536,-0.2897999882698059,0.04632568359375,-1.17034912109375,0.0
55,0.8794000148773193,-0.14880001544952393,-0.29579997062683105,0.044769287109375,-1.2054443359375,0.0
56,0.8753999471664429,-0.14660000801086426,-0.30059999227523804,0.0428924560546875,-1.190185546875,0.0
57,0.8717999458312988,-0.14020001888275144,-0.29259997606277466,0.0417022705078125,-1.19781494140625,0.0
58,0.8717999458312988,-0.1403999924659729,-0.29019999504089355,0.0383148193359375,-1.18255615234375,0.0
59,0.8722000122070312,-0.1377999782562256,-0.29019999504089355,0.0369415283203125,-1.18255615234375,0.0
60,0.8733999729156494,-0.13840001821517944,-0.2906000018119812,0.0442657470703125,-1.20086669921875,0.0
61,0.8711999654769897,-0.13739997148513794,-0.28780001401901245,0.0531005859375,-1.1871337890625,0.0
62,0.8710000514984131,-0.13220000267028809,-0.2889999747276306,0.0603790283203125,-1.21002197265625,0.0
63,0.8730000257492065,-0.13220000267028809,-0.2922000288963318,0.0645904541015625,-1.18560791015625,0.0
64,0.8760000467300415,-0.13419997692108154,-0.2950000166893005,0.0765838623046875,-1.21002197265625,0.0
65,0.8769999742507935,-0.1345999836921692,-0.2918000221252441,0.09466552734375,-1.17950439453125,0.0
66,0.878600001335144,-0.13279998302459714,-0.296999990940094,0.102630615234375,-1.21002197265625,0.0
67,0.8797999620437622,-0.13520002365112305,-0.2937999963760376,0.1051483154296875,-1.21307373046875,0.0
68,0.8803999423980713,-0.13620001077651978,-0.3026000261306763,0.1101837158203125,-1.18865966796875,0.0
69,0.8808000087738037,-0.13679999113082886,-0.3015999794006348,0.1168670654296875,-1.2664794921875,0.0
70,0.8813999891281128,-0.13840001821517944,-0.3083999752998352,0.1243743896484375,-1.20391845703125,0.0
71,0.8813999891281128,-0.13859999179840088,-0.3141999840736389,0.1278533935546875,-1.18865966796875,0.0
72,0.8833999633789062,-0.1377999782562256,-0.3169999718666077,0.1347198486328125,-1.202392578125,0.0
73,0.8866000175476074,-0.1406000256538391,-0.3169999718666077,0.1468048095703125,-1.21307373046875,0.0
74,0.8855999708175659,-0.14219999313354492,-0.3190000057220459,0.1492767333984375,-1.21307373046875,0.0
75,0.8874000310897827,-0.14459997415542605,-0.3203999996185303,0.1467132568359375,-1.18255615234375,0.0
76,0.8849999904632568,-0.14480000734329224,-0.3173999786376953,0.14190673828125,-1.19476318359375,0.0
77,0.8833999633789062,-0.14340001344680786,-0.3222000002861023,0.1296844482421875,-1.17645263671875,0.0
78,0.8839999437332153,-0.14319998025894165,-0.326200008392334,0.1156768798828125,-1.19476318359375,0.0
79,0.8844000101089478,-0.14179998636245728,-0.32819998264312744,0.1121978759765625,-1.17950439453125,0.0
80,0.8802000284194946,-0.14020001888275144,-0.3285999894142151,0.1122894287109375,-1.21002197265625,0.0
81,0.8805999755859375,-0.14099997282028198,-0.3271999955177307,0.1156768798828125,-1.19781494140625,0.0
82,0.8797999620437622,-0.14160001277923584,-0.3302000164985657,0.1139373779296875,-1.19781494140625,0.0
83,0.8760000467300415,-0.13899999856948853,-0.33139997720718384,0.1056976318359375,-1.21002197265625,0.0
84,0.8727999925613403,-0.13899999856948853,-0.3302000164985657,0.09869384765625,-1.190185546875,0.0
85,0.8680000305175781,-0.1377999782562256,-0.3302000164985657,0.08807373046875,-1.24969482421875,0.0
86,0.8609999418258667,-0.13899999856948853,-0.33139997720718384,0.0774993896484375,-1.17034912109375,0.0
87,0.8616000413894653,-0.13679999113082886,-0.3357999920845032,0.07342529296875,-1.2054443359375,0.0
88,0.8641999959945679,-0.13580000400543213,-0.3381999731063843,0.076171875,-1.17950439453125,0.0
89,0.8658000230789185,-0.13220000267028809,-0.33399999141693115,0.0776824951171875,-1.19781494140625,0.0
90,0.8647999763488771,-0.13200002908706665,-0.32899999618530273,0.07452392578125,-1.20086669921875,0.0
91,0.8631999492645264,-0.13179999589920044,-0.3241999745368957,0.0644073486328125,-1.202392578125,0.0
92,0.8631999492645264,-0.12860000133514404,-0.3223999738693237,0.0576324462890625,-1.19781494140625,0.0
93,0.8573999404907227,-0.12699997425079346,-0.32499998807907104,0.0548858642578125,-1.17340087890625,0.0
94,0.8573999404907227,-0.12779998779296875,-0.3252000212669373,0.054656982421875,-1.1932373046875,0.0
95,0.8542000055313109,-0.12559998035430908,-0.3270000219345093,0.05364990234375,-1.17340087890625,0.0
96,0.8530000448226929,-0.12540000677108765,-0.32580000162124634,0.0538787841796875,-1.20391845703125,0.0
97,0.8497999906539917,-0.12300002574920656,-0.3253999948501587,0.0510406494140625,-1.18408203125,0.0
98,0.8445999622344971,-0.1233999729156494,-0.3240000009536743,0.0456390380859375,-1.165771484375,0.0
99,0.8428000211715698,-0.12379997968673705,-0.321399986743927,0.0368499755859375,-1.19476318359375,0.0
100,0.8913999795913696,-0.11019998788833618,-0.2576000094413757,0.03094482421875,1.19171142578125,1.0
101,0.8926000595092773,-0.10860002040863036,-0.2544000148773193,0.0336456298828125,1.13983154296875,1.0
102,0.8930000066757202,-0.10939997434616087,-0.2580000162124634,0.0330047607421875,1.141357421875,1.0
103,0.8933999538421631,-0.10820001363754272,-0.2537999749183655,0.0318145751953125,1.15509033203125,1.0
104,0.8930000066757202,-0.1096000075340271,-0.25700002908706665,0.0303497314453125,1.13372802734375,1.0
105,0.8905999660491943,-0.10780000686645508,-0.2537999749183655,0.0303497314453125,1.13677978515625,1.0
106,0.8905999660491943,-0.10820001363754272,-0.25660002231597895,0.0326385498046875,1.11541748046875,1.0
107,0.8905999660491943,-0.10799998044967653,-0.25999999046325684,0.029571533203125,1.13677978515625,1.0
108,0.8871999979019165,-0.10619997978210448,-0.2585999965667725,0.0261383056640625,1.10626220703125,1.0
109,0.886199951171875,-0.10680001974105836,-0.2616000175476074,0.02764892578125,1.08184814453125,1.0
110,0.886199951171875,-0.10900002717971803,-0.2613999843597412,0.0354766845703125,1.10015869140625,1.0
111,0.8871999979019165,-0.10579997301101683,-0.26419997215271,0.0427093505859375,1.08184814453125,1.0
112,0.8894000053405762,-0.10659998655319214,-0.2685999870300293,0.0470123291015625,1.055908203125,1.0
113,0.8874000310897827,-0.10740000009536743,-0.2605999708175659,0.0505828857421875,1.05743408203125,1.0
114,0.8885999917984009,-0.10619997978210448,-0.26319998502731323,0.0525970458984375,1.08184814453125,1.0
115,0.8866000175476074,-0.10339999198913574,-0.2598000168800354,0.0573577880859375,1.06048583984375,1.0
116,0.8858000040054321,-0.10259997844696044,-0.2620000243186951,0.0636749267578125,0.71868896484375,1.0
117,0.8874000310897827,-0.1029999852180481,-0.2590000033378601,0.0671539306640625,1.02691650390625,1.0
118,0.8874000310897827,-0.10199999809265137,-0.2616000175476074,0.06427001953125,1.02081298828125,1.0
119,0.8890000581741333,-0.1021999716758728,-0.2594000101089477,0.0618438720703125,1.02691650390625,1.0
120,0.8874000310897827,-0.100600004196167,-0.25679999589920044,0.05877685546875,1.043701171875,1.0
121,0.8871999979019165,-0.10259997844696044,-0.2523999810218811,0.0567169189453125,0.994873046875,1.0
122,0.8874000310897827,-0.10180002450942993,-0.2494000196456909,0.0589141845703125,0.9796142578125,1.0
123,0.8905999660491943,-0.1029999852180481,-0.25099998712539673,0.060699462890625,1.0040283203125,1.0
124,0.889799952507019,-0.1029999852180481,-0.25019997358322144,0.059783935546875,0.96588134765625,1.0
125,0.8894000053405762,-0.100600004196167,-0.25019997358322144,0.0603790283203125,0.982666015625,1.0
126,0.8890000581741333,-0.09960001707077026,-0.24980002641677854,0.0639495849609375,0.96435546875,1.0
127,0.8894000053405762,-0.0997999906539917,-0.24720001220703125,0.0674285888671875,0.95062255859375,1.0
128,0.8896000385284424,-0.10140001773834227,-0.24559998512268064,0.0688934326171875,0.958251953125,1.0
129,0.8866000175476074,-0.10140001773834227,-0.246399998664856,0.0664215087890625,0.91705322265625,1.0
130,0.8877999782562256,-0.10039997100830078,-0.2458000183105469,0.0657806396484375,0.9124755859375,1.0
131,0.8911999464035034,-0.10159999132156372,-0.24339997768402102,0.0690765380859375,0.93536376953125,1.0
132,0.8905999660491943,-0.09939998388290404,-0.2396000027656555,0.0699005126953125,0.92315673828125,1.0
133,0.8905999660491943,-0.10000002384185792,-0.23659998178482056,0.0744781494140625,0.91094970703125,1.0
134,0.8894000053405762,-0.0997999906539917,-0.23739999532699585,0.0771331787109375,0.88043212890625,1.0
135,0.888200044631958,-0.10259997844696044,-0.2364000082015991,0.07891845703125,0.89263916015625,1.0
136,0.8894000053405762,-0.10140001773834227,-0.23220002651214602,0.07928466796875,0.8697509765625,1.0
137,0.8877999782562256,-0.09839999675750732,-0.2364000082015991,0.0769500732421875,0.848388671875,1.0
138,0.8874000310897827,-0.09939998388290404,-0.23420000076293945,0.07342529296875,0.87432861328125,1.0
139,0.888200044631958,-0.09780001640319824,-0.2325999736785889,0.0699462890625,0.84075927734375,1.0
140,0.8866000175476074,-0.09780001640319824,-0.2376000285148621,0.0677032470703125,0.81329345703125,1.0
141,0.8894000053405762,-0.0989999771118164,-0.2343999743461609,0.0685272216796875,0.80413818359375,1.0
142,0.8877999782562256,-0.10119998455047607,-0.2346000075340271,0.0703125,0.83465576171875,1.0
143,0.8874000310897827,-0.10100001096725464,-0.2386000156402588,0.0701751708984375,0.80413818359375,1.0
144,0.8858000040054321,-0.0989999771118164,-0.2337999939918518,0.0708160400390625,0.7843017578125,1.0
145,0.8838000297546387,-0.09700000286102296,-0.2337999939918518,0.0737457275390625,0.78582763671875,1.0
146,0.8846000432968141,-0.09680002927780153,-0.2343999743461609,0.07781982421875,0.7720947265625,1.0
147,0.8866000175476074,-0.09780001640319824,-0.23580002784729004,0.07818603515625,0.6866455078125,1.0
148,0.8855999708175659,-0.09780001640319824,-0.2426000237464905,0.0793304443359375,0.76904296875,1.0
149,0.8863999843597412,-0.10140001773834227,-0.24140000343322754,0.07855224609375,0.73394775390625,1.0
150,0.8858000040054321,-0.10100001096725464,-0.2429999709129333,0.0761260986328125,0.73699951171875,1.0
151,0.889799952507019,-0.10259997844696044,-0.24140000343322754,0.07452392578125,0.75531005859375,1.0
152,0.8871999979019165,-0.10259997844696044,-0.2436000108718872,0.0743865966796875,0.71868896484375,1.0
153,0.8877999782562256,-0.10159999132156372,-0.24519997835159305,0.07763671875,0.701904296875,1.0
154,0.8877999782562256,-0.10100001096725464,-0.24779999256134036,0.081390380859375,0.69732666015625,1.0
155,0.8890000581741333,-0.10140001773834227,-0.2444000244140625,0.0842742919921875,0.6683349609375,1.0
156,0.8885999917984009,-0.10039997100830078,-0.25019997358322144,0.0866546630859375,0.66986083984375,1.0
157,0.8888000249862671,-0.100600004196167,-0.24699997901916504,0.09027099609375,0.66680908203125,1.0
158,0.8910000324249268,-0.10100001096725464,-0.24400001764297485,0.0912322998046875,0.67901611328125,1.0
159,0.8905999660491943,-0.09960001707077026,-0.24379998445510864,0.0933380126953125,0.5279541015625,1.0
160,0.8930000066757202,-0.09939998388290404,-0.2473999857902527,0.091278076171875,0.63629150390625,1.0
161,0.8941999673843384,-0.100600004196167,-0.2505999803543091,0.0853271484375,0.6134033203125,1.0
162,0.8946000337600708,-0.10399997234344482,-0.2465999722480774,0.077728271484375,0.60577392578125,1.0
163,0.8941999673843384,-0.10100001096725464,-0.2526000142097473,0.0707244873046875,0.62408447265625,1.0
164,0.8938000202178955,-0.10280001163482666,-0.2505999803543091,0.0657806396484375,0.61492919921875,1.0
165,0.8952000141143799,-0.10100001096725464,-0.25099998712539673,0.0660552978515625,0.56915283203125,1.0
166,0.8957999944686891,-0.100600004196167,-0.25679999589920044,0.0666046142578125,0.59051513671875,1.0
167,0.8968000411987305,-0.10100001096725464,-0.2549999952316284,0.066375732421875,0.56915283203125,1.0
168,0.8974000215530396,-0.0997999906539917,-0.2534000277519226,0.06536865234375,0.543212890625,1.0
169,0.8941999673843384,-0.09680002927780153,-0.248199999332428,0.0660552978515625,0.54779052734375,1.0
170,0.8930000066757202,-0.0974000096321106,-0.24779999256134036,0.0695343017578125,0.5340576171875,1.0
171,0.8926000595092773,-0.0974000096321106,-0.2490000128746033,0.0699920654296875,0.51422119140625,1.0
172,0.8952000141143799,-0.09939998388290404,-0.2494000196456909,0.0699005126953125,0.49591064453125,1.0
173,0.8977999687194824,-0.1032000184059143,-0.25180000066757197,0.06976318359375,0.50811767578125,1.0
174,0.8954000473022461,-0.1029999852180481,-0.25180000066757197,0.0728302001953125,0.47760009765625,1.0
175,0.8974000215530396,-0.10159999132156372,-0.2505999803543091,0.0764923095703125,0.47760009765625,1.0
176,0.8957999944686891,-0.102400004863739,-0.25099998712539673,0.0740203857421875,0.48370361328125,1.0
177,0.8969999551773071,-0.10140001773834227,-0.2486000061035156,0.07269287109375,0.44708251953125,1.0
178,0.8947999477386475,-0.10100001096725464,-0.2545999884605408,0.0774993896484375,0.469970703125,1.0
179,0.8969999551773071,-0.10119998455047607,-0.2540000081062317,0.077911376953125,0.42877197265625,1.0
180,0.8947999477386475,-0.10119998455047607,-0.2513999938964844,0.0712738037109375,0.42266845703125,1.0
181,0.8954000473022461,-0.10119998455047607,-0.25019997358322144,0.0692596435546875,0.40283203125,1.0
182,0.8954000473022461,-0.10140001773834227,-0.2486000061035156,0.07232666015625,0.39825439453125,1.0
183,0.8977999687194824,-0.1029999852180481,-0.2462000250816345,0.07232666015625,0.38604736328125,1.0
184,0.8961999416351318,-0.10259997844696044,-0.2491999864578247,0.072601318359375,0.36773681640625,1.0
185,0.8968000411987305,-0.1021999716758728,-0.248199999332428,0.07379150390625,0.39215087890625,1.0
186,0.8952000141143799,-0.1029999852180481,-0.2486000061035156,0.0748443603515625,0.3509521484375,1.0
187,0.8924000263214111,-0.1037999987602234,-0.25180000066757197,0.0703582763671875,0.36163330078125,1.0
188,0.8916000127792358,-0.10180002450942993,-0.2486000061035156,0.0658721923828125,-0.23345947265625,1.0
189,0.8904000520706177,-0.1037999987602234,-0.25199997425079346,0.0647735595703125,0.31585693359375,1.0
190,0.8913999795913696,-0.10019999742507936,-0.24980002641677854,0.062393188476562514,0.28839111328125,1.0
191,0.8910000324249268,-0.10140001773834227,-0.25019997358322144,0.0592803955078125,0.28839111328125,1.0
192,0.8921999931335449,-0.1037999987602234,-0.2490000128746033,0.0601043701171875,0.30670166015625,1.0
193,0.8916000127792358,-0.10479998588562013,-0.24459999799728396,0.0631256103515625,0.26397705078125,1.0
194,0.8910000324249268,-0.1037999987602234,-0.24559998512268064,0.0661468505859375,0.27923583984375,1.0
195,0.8921999931335449,-0.10860002040863036,-0.2494000196456909,0.06829833984375,0.250244140625,1.0
196,0.8930000066757202,-0.10780000686645508,-0.25180000066757197,0.0699920654296875,0.25482177734375,1.0
197,0.8926000595092773,-0.1064000129699707,-0.2465999722480774,0.073699951171875,0.22430419921875,1.0
198,0.8913999795913696,-0.10579997301101683,-0.2441999912261963,0.0762176513671875,0.22735595703125,1.0
199,0.8913999795913696,-0.10579997301101683,-0.24379998445510864,0.0811614990234375,0.213623046875,1.0
200,0.8775999546051025,-0.1029999852180481,-0.29680001735687256,-0.0116729736328125,-1.22222900390625,2.0
201,0.8758000135421753,-0.10180002450942993,-0.295199990272522,-0.001556396484375,-1.202392578125,2.0
202,0.8760000467300415,-0.1029999852180481,-0.2918000221252441,0.0223846435546875,-1.22222900390625,2.0
203,0.878600001335144,-0.1037999987602234,-0.2950000166893005,0.04962158203125,-1.22833251953125,2.0
204,0.8797999620437622,-0.10500001907348633,-0.2929999828338623,0.0844573974609375,-1.21002197265625,2.0
205,0.8805999755859375,-0.10740000009536743,-0.28759998083114624,0.10858154296875,-1.2176513671875,2.0
206,0.8782000541687012,-0.10579997301101683,-0.2842000126838684,0.132110595703125,-1.190185546875,2.0
207,0.8766000270843506,-0.107200026512146,-0.2815999984741211,0.14373779296875,-1.63116455078125,2.0
208,0.8753999471664429,-0.10799998044967653,-0.2789999842643738,0.14373779296875,-1.177978515625,2.0
209,0.8782000541687012,-0.10900002717971803,-0.2785999774932861,0.11627197265625,-1.20697021484375,2.0
210,0.8761999607086182,-0.10659998655319214,-0.26740002632141113,0.0804290771484375,-1.17340087890625,2.0
211,0.8730000257492065,-0.1037999987602234,-0.26520001888275146,0.0540618896484375,-1.19781494140625,2.0
212,0.8753999471664429,-0.10540002584457396,-0.2648000121116638,0.0398712158203125,-1.20086669921875,2.0
213,0.8761999607086182,-0.10540002584457396,-0.26319998502731323,0.0431671142578125,-1.18408203125,2.0
214,0.8760000467300415,-0.10780000686645508,-0.2645999789237976,0.0485687255859375,-1.20391845703125,2.0
215,0.8755999803543091,-0.10740000009536743,-0.26319998502731323,0.0628509521484375,-1.1871337890625,2.0
216,0.8741999864578247,-0.10619997978210448,-0.2630000114440918,0.0811614990234375,-1.15203857421875,2.0
217,0.8730000257492065,-0.10799998044967653,-0.2598000168800354,0.11737060546875,-1.17340087890625,2.0
218,0.8705999851226807,-0.1064000129699707,-0.2630000114440918,0.1988525390625,-1.17645263671875,2.0
219,0.8702000379562378,-0.10619997978210448,-0.2670000195503235,0.3156280517578125,-1.1688232421875,2.0
220,0.8717999458312988,-0.10740000009536743,-0.26920002698898315,0.3821868896484375,-1.165771484375,2.0
221,0.8722000122070312,-0.107200026512146,-0.2680000066757202,0.3556365966796875,-1.12762451171875,2.0
222,0.8705999851226807,-0.1064000129699707,-0.26740002632141113,0.3003387451171875,-1.16119384765625,2.0
223,0.8711999654769897,-0.1069999933242798,-0.2685999870300293,0.2596893310546875,-1.14593505859375,2.0
224,0.8727999925613403,-0.10780000686645508,-0.2689999938011169,0.2166595458984375,-1.12152099609375,2.0
225,0.8730000257492065,-0.10799998044967653,-0.2721999883651733,0.2094268798828125,-1.13677978515625,2.0
226,0.8744000196456909,-0.10780000686645508,-0.27060002088546753,0.2404632568359375,-1.11236572265625,2.0
227,0.871399998664856,-0.10579997301101683,-0.2742000222206116,0.3305511474609375,-1.13372802734375,2.0
228,0.8716000318527222,-0.1064000129699707,-0.2712000012397766,0.4543304443359375,-1.12152099609375,2.0
229,0.8717999458312988,-0.1064000129699707,-0.2721999883651733,0.544097900390625,-1.14288330078125,2.0
230,0.8730000257492065,-0.10740000009536743,-0.2734000086784363,0.5757293701171875,-1.12762451171875,2.0
231,0.8702000379562378,-0.10460001230239868,-0.27719998359680176,0.55682373046875,-1.2542724609375,2.0
232,0.8733999729156494,-0.10280001163482666,-0.2760000228881836,0.5155792236328125,-1.11236572265625,2.0
233,0.8744000196456909,-0.10100001096725464,-0.27619999647140503,0.4654083251953125,-1.116943359375,2.0
234,0.8738000392913818,-0.1021999716758728,-0.2806000113487244,0.4402313232421875,-1.11083984375,2.0
235,0.8758000135421753,-0.10119998455047607,-0.2850000262260437,0.4243927001953125,-1.3031005859375,2.0
236,0.875,-0.10119998455047607,-0.28200000524520874,0.41693115234375,-1.11236572265625,2.0
237,0.875,-0.0997999906539917,-0.2842000126838684,0.4185333251953125,-1.07879638671875,2.0
238,0.8746000528335571,-0.10039997100830078,-0.28460001945495605,0.40814208984375,-1.37481689453125,2.0
239,0.8739999532699585,-0.10100001096725464,-0.2906000018119812,0.388641357421875,-1.08795166015625,2.0
240,0.8753999471664429,-0.0997999906539917,-0.2914000153541565,0.344696044921875,-1.068115234375,2.0
241,0.8747999668121338,-0.09820002317428587,-0.2892000079154968,0.271270751953125,-1.09405517578125,2.0
242,0.8769999742507935,-0.09780001640319824,-0.2853999733924866,0.192535400390625,-1.07879638671875,2.0
243,0.8738000392913818,-0.0974000096321106,-0.2829999923706055,0.1336212158203125,-1.09405517578125,2.0
244,0.8753999471664429,-0.0974000096321106,-0.2850000262260437,0.0819854736328125,-1.06658935546875,2.0
245,0.8775999546051025,-0.09700000286102296,-0.2838000059127808,0.0423431396484375,-1.08184814453125,2.0
246,0.8799999952316284,-0.09539997577667236,-0.2850000262260437,0.007049560546875,-1.043701171875,2.0
247,0.8819999694824219,-0.09359997510910034,-0.2814000248908997,-0.0225677490234375,-1.068115234375,2.0
248,0.8854000568389893,-0.09140002727508544,-0.2781999707221985,-0.0508575439453125,-1.06201171875,2.0
249,0.8855999708175659,-0.09140002727508544,-0.2775999903678894,-0.0561676025390625,-1.04827880859375,2.0
250,0.8866000175476074,-0.08939999341964723,-0.2760000228881836,-0.057037353515625,-1.06353759765625,2.0
251,0.8890000581741333,-0.08899998664855957,-0.2760000228881836,-0.0786895751953125,-1.0467529296875,2.0
252,0.8904000520706177,-0.08880001306533812,-0.2742000222206116,-0.0956268310546875,-1.043701171875,2.0
253,0.891800045967102,-0.08920001983642578,-0.2694000005722046,-0.0993804931640625,-1.019287109375,2.0
254,0.8902000188827515,-0.09060001373291016,-0.26980000734329224,-0.104095458984375,-1.0406494140625,2.0
255,0.8919999599456787,-0.08920001983642578,-0.2712000012397766,-0.1063385009765625,-1.043701171875,2.0
256,0.8926000595092773,-0.09020000696182252,-0.27139997482299805,-0.104461669921875,-1.0467529296875,2.0
257,0.8935999870300293,-0.09020000696182252,-0.26920002698898315,-0.0935211181640625,-1.0406494140625,2.0
258,0.8930000066757202,-0.0925999879837036,-0.27060002088546753,-0.0802459716796875,-1.01165771484375,2.0
259,0.889799952507019,-0.09460002183914183,-0.2757999897003174,-0.08404541015625,-1.02386474609375,2.0
260,0.8890000581741333,-0.09299999475479126,-0.2731999754905701,-0.0979156494140625,-1.019287109375,2.0
261,0.889799952507019,-0.09359997510910034,-0.2753999829292297,-0.1081695556640625,-0.98724365234375,2.0
262,0.8871999979019165,-0.09140002727508544,-0.27619999647140503,-0.1094512939453125,-1.01470947265625,2.0
263,0.8866000175476074,-0.09219998121261597,-0.2802000045776367,-0.10968017578125,-0.97808837890625,2.0
264,0.8858000040054321,-0.09219998121261597,-0.2821999788284302,-0.108856201171875,-1.01776123046875,2.0
265,0.8871999979019165,-0.0925999879837036,-0.2839999794960022,-0.1092681884765625,-0.96893310546875,2.0
266,0.8877999782562256,-0.0934000015258789,-0.28280001878738403,-0.1204376220703125,-1.00555419921875,2.0
267,0.8849999904632568,-0.09359997510910034,-0.277400016784668,-0.1292266845703125,-1.01318359375,2.0
268,0.8855999708175659,-0.09520000219345093,-0.2753999829292297,-0.1327056884765625,-0.994873046875,2.0
269,0.8824000358581543,-0.09460002183914183,-0.27060002088546753,-0.1359100341796875,-0.96893310546875,2.0
270,0.8818000555038452,-0.09520000219345093,-0.27139997482299805,-0.1304168701171875,-1.08184814453125,2.0
271,0.8818000555038452,-0.09539997577667236,-0.26980000734329224,-0.120025634765625,-0.97198486328125,2.0
272,0.8830000162124634,-0.0965999960899353,-0.2653999924659729,-0.1206207275390625,-0.98724365234375,2.0
273,0.878600001335144,-0.0974000096321106,-0.2577999830245972,-0.1245574951171875,-0.97808837890625,2.0
274,0.8774000406265259,-0.0974000096321106,-0.2585999965667725,-0.11572265625,-0.97503662109375,2.0
275,0.8777999877929688,-0.09880000352859496,-0.2526000142097473,-0.0966339111328125,-0.94451904296875,2.0
276,0.8761999607086182,-0.09700000286102296,-0.2549999952316284,-0.0952606201171875,-0.95062255859375,2.0
277,0.8760000467300415,-0.09579998254776,-0.25679999589920044,-0.10272216796875,-0.9674072265625,2.0
278,0.8733999729156494,-0.0965999960899353,-0.25620001554489136,-0.10382080078125,-0.970458984375,2.0
279,0.8702000379562378,-0.09359997510910034,-0.2594000101089477,-0.106475830078125,-0.92926025390625,2.0
280,0.8681999444961548,-0.0989999771118164,-0.26440000534057617,-0.1125640869140625,-0.94451904296875,2.0
281,0.8652000427246094,-0.10140001773834227,-0.269599974155426,-0.1154937744140625,-0.93841552734375,2.0
282,0.8622000217437744,-0.10159999132156372,-0.2721999883651733,-0.1140289306640625,-0.946044921875,2.0
283,0.8616000413894653,-0.10339999198913574,-0.2728000283241272,-0.1077117919921875,-0.9307861328125,2.0
284,0.8625999689102173,-0.1032000184059143,-0.2829999923706055,-0.1089935302734375,-1.30462646484375,2.0
285,0.8589999675750732,-0.10479998588562013,-0.2918000221252441,-0.1264801025390625,-0.92010498046875,2.0
286,0.8586000204086304,-0.10540002584457396,-0.29259997606277466,-0.12945556640625,-0.92926025390625,2.0
287,0.8586000204086304,-0.10579997301101683,-0.2950000166893005,-0.1324310302734375,-0.92010498046875,2.0
288,0.8600000143051147,-0.10479998588562013,-0.29579997062683105,-0.1266632080078125,-0.88653564453125,2.0
289,0.8589999675750732,-0.10540002584457396,-0.29420000314712524,-0.1274871826171875,-0.87738037109375,2.0
290,0.8633999824523926,-0.10579997301101683,-0.29420000314712524,-0.1282196044921875,-0.88348388671875,2.0
291,0.8658000230789185,-0.10500001907348633,-0.2919999957084656,-0.1154937744140625,-0.89569091796875,2.0
292,0.8697999715805054,-0.1037999987602234,-0.28460001945495605,-0.105194091796875,-0.89874267578125,2.0
293,0.871399998664856,-0.10399997234344482,-0.2797999978065491,-0.1043243408203125,-0.88043212890625,2.0
294,0.8725999593734741,-0.1037999987602234,-0.2734000086784363,-0.104461669921875,-0.90179443359375,2.0
295,0.8755999803543091,-0.10519999265670776,-0.2694000005722046,-0.1064300537109375,-0.88348388671875,2.0
296,0.8760000467300415,-0.10360002517700197,-0.2680000066757202,-0.1087188720703125,-0.88043212890625,2.0
297,0.8760000467300415,-0.1055999994277954,-0.2638000249862671,-0.10675048828125,-0.8880615234375,2.0
298,0.8767999410629272,-0.1064000129699707,-0.25599998235702515,-0.09979248046875,-0.88958740234375,2.0
299,0.8791999816894531,-0.1064000129699707,-0.25099998712539673,-0.0948944091796875,-0.86517333984375,2.0
300,0.8968000411987305,-0.05699998140335082,-0.1656000018119812,0.01812744140625,0.0640869140625,6.0
301,0.8974000215530396,-0.055599987506866455,-0.16420000791549685,0.0251312255859375,0.067138671875,6.0
302,0.8926000595092773,-0.055000007152557366,-0.17019999027252194,0.0300750732421875,0.08392333984375,6.0
303,0.8938000202178955,-0.05699998140335082,-0.1751999855041504,0.0285186767578125,0.07171630859375,6.0
304,0.8968000411987305,-0.05479997396469116,-0.17419999837875366,0.0248565673828125,0.09918212890625,6.0
305,0.8940000534057617,-0.05620002746582031,-0.17100000381469727,0.02362060546875,0.0640869140625,6.0
306,0.8938000202178955,-0.05580002069473266,-0.1722000241279602,0.0184478759765625,0.079345703125,6.0
307,0.8910000324249268,-0.05620002746582031,-0.1801999807357788,0.01153564453125,0.0762939453125,6.0
308,0.8924000263214111,-0.057200014591217034,-0.18059998750686648,0.00347900390625,0.07781982421875,6.0
309,0.8954000473022461,-0.05860000848770141,-0.18140000104904172,-0.00164794921875,0.0579833984375,6.0
310,0.8941999673843384,-0.05620002746582031,-0.17900002002716064,-0.0144195556640625,0.07171630859375,6.0
311,0.8926000595092773,-0.05640000104904175,-0.1841999888420105,-0.014007568359375,0.08392333984375,6.0
312,0.8907999992370605,-0.055000007152557366,-0.18379998207092285,-0.0073699951171875,0.079345703125,6.0
313,0.8955999612808228,-0.055000007152557366,-0.1826000213623047,-0.0011444091796875,0.06866455078125,6.0
314,0.8969999551773071,-0.0568000078201294,-0.18459999561309812,0.002288818359375,0.08087158203125,6.0
315,0.8952000141143799,-0.05860000848770141,-0.18580001592636108,0.0120391845703125,0.079345703125,6.0
316,0.8969999551773071,-0.06180000305175781,-0.18800002336502075,0.0222930908203125,0.079345703125,6.0
317,0.9010000228881836,-0.060999989509582526,-0.1873999834060669,0.030624389648437507,0.07781982421875,6.0
318,0.8974000215530396,-0.060999989509582526,-0.18300002813339236,0.0317230224609375,0.09613037109375,6.0
319,0.8969999551773071,-0.059400022029876716,-0.18620002269744876,0.0300750732421875,0.09307861328125,6.0
320,0.8968000411987305,-0.0591999888420105,-0.19040000438690186,0.0277862548828125,0.09613037109375,6.0
321,0.8983999490737915,-0.060000002384185784,-0.1848000288009644,0.0249481201171875,0.10223388671875,6.0
322,0.9005999565124512,-0.05980002880096436,-0.18620002269744876,0.0222015380859375,0.103759765625,6.0
323,0.9041999578475952,-0.06480002403259277,-0.1809999942779541,0.0191802978515625,0.08087158203125,6.0
324,0.9026000499725342,-0.06699997186660768,-0.18360000848770144,0.0179901123046875,0.07476806640625,6.0
325,0.9032000303268432,-0.06540000438690187,-0.18699997663497925,0.017669677734375,0.08087158203125,6.0
326,0.9005999565124512,-0.06540000438690187,-0.1868000030517578,0.0149688720703125,0.079345703125,6.0
327,0.8997999429702759,-0.06499999761581421,-0.18639999628067014,0.010345458984375,0.08087158203125,6.0
328,0.9012000560760498,-0.06639999151229857,-0.18459999561309812,0.0032501220703125,0.067138671875,6.0
329,0.8999999761581421,-0.0658000111579895,-0.1848000288009644,0.0084228515625,0.103759765625,6.0
330,0.9002000093460083,-0.06419998407363893,-0.1866000294685364,0.0166168212890625,0.103759765625,6.0
331,0.8977999687194824,-0.06379997730255127,-0.1809999942779541,0.0207366943359375,0.07781982421875,6.0
332,0.8985999822616577,-0.0666000247001648,-0.18379998207092285,0.0223846435546875,0.08697509765625,6.0
333,0.8985999822616577,-0.06400001049041748,-0.18199998140335086,0.02069091796875,-0.4180908203125,6.0
334,0.8985999822616577,-0.06720000505447388,-0.18040001392364505,0.0234832763671875,0.1068115234375,6.0
335,0.9002000093460083,-0.06859999895095825,-0.1794000267982483,0.0300750732421875,0.1129150390625,6.0
336,0.9002000093460083,-0.07059997320175171,-0.1783999800682068,0.0299835205078125,0.08392333984375,6.0
337,0.8980000019073486,-0.06940001249313353,-0.1812000274658203,0.0281524658203125,0.09307861328125,6.0
338,0.8991999626159668,-0.07020002603530884,-0.18059998750686648,0.0240325927734375,0.091552734375,6.0
339,0.8977999687194824,-0.0666000247001648,-0.1777999997138977,0.0225677490234375,0.12054443359375,6.0
340,0.8990000486373901,-0.06459999084472656,-0.17659997940063474,0.02215576171875,0.1129150390625,6.0
341,0.8997999429702759,-0.06540000438690187,-0.17619997262954712,0.0237579345703125,0.08392333984375,6.0
342,0.8990000486373901,-0.06419998407363893,-0.17100000381469727,0.031036376953125,0.08392333984375,6.0
343,0.899399995803833,-0.06300002336502075,-0.17040002346038818,0.0365753173828125,0.11749267578125,6.0
344,0.8985999822616577,-0.06080001592636109,-0.16540002822875974,0.038177490234375,0.08697509765625,6.0
345,0.8982000350952148,-0.0626000165939331,-0.1722000241279602,0.0390472412109375,0.08392333984375,6.0
346,0.8996000289916992,-0.06440001726150513,-0.17619997262954712,0.0374908447265625,0.10833740234375,6.0
347,0.9019999504089355,-0.06499999761581421,-0.17500001192092896,0.0362091064453125,0.12359619140625,6.0
348,0.8985999822616577,-0.062200009822845466,-0.17339998483657834,0.0361175537109375,0.10833740234375,6.0
349,0.8969999551773071,-0.06300002336502075,-0.17820000648498535,0.036346435546875,0.091552734375,6.0
350,0.899399995803833,-0.0623999834060669,-0.17979997396469116,0.0388641357421875,0.091552734375,6.0
351,0.8983999490737915,-0.06059998273849487,-0.17979997396469116,0.0368499755859375,0.09307861328125,6.0
352,0.9012000560760498,-0.06059998273849487,-0.1769999861717224,0.0343780517578125,0.09613037109375,6.0
353,0.8997999429702759,-0.060999989509582526,-0.18059998750686648,0.0262298583984375,0.09307861328125,6.0
354,0.8974000215530396,-0.06199997663497925,-0.1826000213623047,0.02435302734375,0.09918212890625,6.0
355,0.8982000350952148,-0.06180000305175781,-0.1826000213623047,0.0363922119140625,-0.12664794921875,6.0
356,0.8969999551773071,-0.06180000305175781,-0.18279999494552607,0.047332763671875,0.11749267578125,6.0
357,0.8968000411987305,-0.05900001525878906,-0.18220001459121704,0.053741455078125,0.1129150390625,6.0
358,0.8982000350952148,-0.059400022029876716,-0.1841999888420105,0.06280517578125,0.091552734375,6.0
359,0.8969999551773071,-0.05860000848770141,-0.18860000371932986,0.0668792724609375,0.079345703125,6.0
360,0.8977999687194824,-0.060999989509582526,-0.18699997663497925,0.071044921875,0.11138916015625,6.0
361,0.899399995803833,-0.06059998273849487,-0.18620002269744876,0.0705413818359375,0.09918212890625,6.0
362,0.8983999490737915,-0.06300002336502075,-0.18320000171661374,0.0643157958984375,0.10833740234375,6.0
363,0.8952000141143799,-0.06139999628067016,-0.1873999834060669,0.0523223876953125,0.1373291015625,6.0
364,0.8952000141143799,-0.060000002384185784,-0.18860000371932986,0.0369415283203125,0.10223388671875,6.0
365,0.8952000141143799,-0.0626000165939331,-0.19139999151229856,0.0310821533203125,0.10223388671875,6.0
366,0.8954000473022461,-0.05900001525878906,-0.1934000253677368,0.03497314453125,0.12969970703125,6.0
367,0.8949999809265137,-0.06059998273849487,-0.19419997930526733,0.0386810302734375,0.13580322265625,6.0
368,0.8969999551773071,-0.058200001716613776,-0.19419997930526733,0.0464630126953125,0.13275146484375,6.0
369,0.8961999416351318,-0.05839997529983521,-0.19520002603530884,0.0589141845703125,0.09918212890625,6.0
370,0.8977999687194824,-0.05980002880096436,-0.19539999961853027,0.0710906982421875,0.11138916015625,6.0
371,0.8974000215530396,-0.06040000915527344,-0.19220000505447388,0.0720977783203125,0.11444091796875,6.0
372,0.8968000411987305,-0.06139999628067016,-0.1937999725341797,0.0685272216796875,0.10223388671875,6.0
373,0.8985999822616577,-0.060999989509582526,-0.19440001249313354,0.0646820068359375,0.11444091796875,6.0
374,0.8969999551773071,-0.059400022029876716,-0.19859999418258667,0.0618438720703125,0.14495849609375,6.0
375,0.8949999809265137,-0.05839997529983521,-0.19900000095367432,0.0595550537109375,0.11444091796875,6.0
376,0.8932000398635864,-0.05779999494552612,-0.20160001516342166,0.0581817626953125,0.1190185546875,6.0
377,0.8946000337600708,-0.057200014591217034,-0.2021999955177307,0.0577239990234375,0.13275146484375,6.0
378,0.8946000337600708,-0.05860000848770141,-0.20099997520446775,0.0578155517578125,-0.35858154296875,6.0
379,0.8930000066757202,-0.06019997596740723,-0.201200008392334,0.0530548095703125,0.09918212890625,6.0
380,0.8932000398635864,-0.060000002384185784,-0.1998000144958496,0.0487518310546875,0.12969970703125,6.0
381,0.8944000005722046,-0.05980002880096436,-0.20319998264312744,0.0441741943359375,0.12054443359375,6.0
382,0.8957999944686891,-0.05739998817443848,-0.2053999900817871,0.0391387939453125,0.15106201171875,6.0
383,0.8938000202178955,-0.05659997463226319,-0.2006000280380249,0.03662109375,0.08392333984375,6.0
384,0.8954000473022461,-0.05860000848770141,-0.19840002059936526,0.03497314453125,0.1190185546875,6.0
385,0.8960000276565552,-0.058200001716613776,-0.20459997653961184,0.03826904296875,0.103759765625,6.0
386,0.8954000473022461,-0.06080001592636109,-0.2053999900817871,0.0452728271484375,0.12359619140625,6.0
387,0.8935999870300293,-0.059400022029876716,-0.2070000171661377,0.0474700927734375,0.152587890625,6.0
388,0.8954000473022461,-0.06160002946853638,-0.20560002326965326,0.04559326171875,0.14190673828125,6.0
389,0.8954000473022461,-0.060000002384185784,-0.20560002326965326,0.0487518310546875,-0.28228759765625,6.0
390,0.8961999416351318,-0.06139999628067016,-0.2062000036239624,0.0490264892578125,0.115966796875,6.0
391,0.8990000486373901,-0.06300002336502075,-0.2111999988555908,0.0481109619140625,0.10528564453125,6.0
392,0.8990000486373901,-0.060999989509582526,-0.2117999792098999,0.0434417724609375,-0.0457763671875,6.0
393,0.9002000093460083,-0.06160002946853638,-0.2125999927520752,0.0404205322265625,0.140380859375,6.0
394,0.9018000364303588,-0.06379997730255127,-0.2139999866485596,0.04632568359375,0.1373291015625,6.0
395,0.9038000106811525,-0.06699997186660768,-0.2139999866485596,0.04852294921875,0.12969970703125,6.0
396,0.9054000377655028,-0.06699997186660768,-0.21299999952316284,0.0468292236328125,0.12359619140625,6.0
397,0.9054000377655028,-0.06760001182556152,-0.21100002527236936,0.048065185546875,0.14801025390625,6.0
398,0.9065999984741212,-0.06779998540878296,-0.21139997243881226,0.0532379150390625,0.16632080078125,6.0
399,0.9057999849319458,-0.06739997863769531,-0.21299999952316284,0.0573577880859375,0.128173828125,6.0
400,0.6158000230789185,-0.10100001096725464,-0.7186000347137451,0.0322723388671875,-2.23236083984375,4.0
401,0.6152000427246094,-0.100600004196167,-0.7138000130653381,0.02618408203125,-2.215576171875,4.0
402,0.615399956703186,-0.0997999906539917,-0.7138000130653381,0.0223846435546875,-2.19879150390625,4.0
403,0.6169999837875366,-0.10140001773834227,-0.7179999947547913,0.016937255859375,-2.215576171875,4.0
404,0.6167999505996704,-0.10199999809265137,-0.7186000347137451,0.0125885009765625,-2.1820068359375,4.0
405,0.6180000305175781,-0.100600004196167,-0.7174000144004822,0.0135498046875,-2.19268798828125,4.0
406,0.6169999837875366,-0.10119998455047607,-0.7202000021934509,0.00787353515625,-2.21405029296875,4.0
407,0.6172000169754028,-0.10100001096725464,-0.7214000225067139,0.0004119873046875,-2.2308349609375,4.0
408,0.6169999837875366,-0.10140001773834227,-0.7193999886512756,-0.0012359619140625,-2.21710205078125,4.0
409,0.6191999912261963,-0.09939998388290404,-0.7150000333786011,-0.0026092529296875,-2.22320556640625,4.0
410,0.6210000514984131,-0.10100001096725464,-0.7143999934196472,-0.0002288818359375,-2.21405029296875,4.0
411,0.621399998664856,-0.09799998998641968,-0.7193999886512756,0.0005950927734375,-2.17742919921875,4.0
412,0.6160000562667847,-0.09619998931884766,-0.7229999899864197,-0.0037078857421875,-2.54364013671875,4.0
413,0.6189999580383301,-0.0974000096321106,-0.7242000102996826,-0.0059967041015625,-2.20794677734375,4.0
414,0.6194000244140625,-0.09700000286102296,-0.7250000238418579,-0.0106201171875,-2.191162109375,4.0
415,0.6200000047683716,-0.09780001640319824,-0.7208000421524048,-0.0117645263671875,-2.16522216796875,4.0
416,0.6191999912261963,-0.09820002317428587,-0.722000002861023,-0.0067291259765625,-2.20184326171875,4.0
417,0.6181999444961548,-0.09619998931884766,-0.7233999967575073,-0.00604248046875,-2.26287841796875,4.0
418,0.6202000379562378,-0.09680002927780153,-0.7206000089645386,-0.00897216796875,-2.178955078125,4.0
419,0.6203999519348145,-0.09880000352859496,-0.7245999574661255,-0.0088348388671875,-2.20184326171875,4.0
420,0.6194000244140625,-0.09820002317428587,-0.7251999974250793,-0.0052642822265625,-2.191162109375,4.0
421,0.6200000047683716,-0.0997999906539917,-0.7222000360488892,0.0003204345703125,-2.18353271484375,4.0
422,0.6189999580383301,-0.09780001640319824,-0.7174000144004822,0.0080108642578125,-2.178955078125,4.0
423,0.6186000108718872,-0.09759998321533203,-0.7157999873161316,0.0179901123046875,-2.154541015625,4.0
424,0.6160000562667847,-0.09539997577667236,-0.723800003528595,0.0244903564453125,-2.18658447265625,4.0
425,0.6166000366210938,-0.0965999960899353,-0.7245999574661255,0.0194549560546875,-2.20794677734375,4.0
426,0.6186000108718872,-0.09880000352859496,-0.7265999913215637,0.011077880859375,-2.1820068359375,4.0
427,0.6175999641418457,-0.09939998388290404,-0.7275999784469604,0.0031585693359375,-2.14996337890625,4.0
428,0.6186000108718872,-0.0997999906539917,-0.7261999845504761,-0.0030670166015625,-2.18658447265625,4.0
429,0.6202000379562378,-0.09820002317428587,-0.7297999858856201,-0.0130462646484375,-2.166748046875,4.0
430,0.6205999851226807,-0.09780001640319824,-0.722599983215332,-0.01666259765625,-2.142333984375,4.0
431,0.6222000122070312,-0.09780001640319824,-0.7245999574661255,-0.0217437744140625,-2.15301513671875,4.0
432,0.6205999851226807,-0.09960001707077026,-0.7250000238418579,-0.0270538330078125,-2.16522216796875,4.0
433,0.6216000318527222,-0.0989999771118164,-0.7253999710083008,-0.0281524658203125,-2.19268798828125,4.0
434,0.6230000257492065,-0.09759998321533203,-0.7272000312805176,-0.02471923828125,-2.1484375,4.0
435,0.6238000392913818,-0.09839999675750732,-0.725600004196167,-0.01629638671875,-2.35443115234375,4.0
436,0.6202000379562378,-0.0965999960899353,-0.7253999710083008,-0.01080322265625,-2.15301513671875,4.0
437,0.6210000514984131,-0.09780001640319824,-0.7250000238418579,-0.003936767578125,-2.16827392578125,4.0
438,0.6233999729156494,-0.09619998931884766,-0.7239999771118164,0.004669189453125,-2.14080810546875,4.0
439,0.6227999925613403,-0.09820002317428587,-0.7174000144004822,0.0110321044921875,-2.13775634765625,4.0
440,0.6202000379562378,-0.09820002317428587,-0.7222000360488892,0.01776123046875,-2.14691162109375,4.0
441,0.6222000122070312,-0.09780001640319824,-0.7197999954223633,0.0237579345703125,-2.14996337890625,4.0
442,0.6217999458312988,-0.09820002317428587,-0.7208000421524048,0.0289764404296875,-2.1484375,4.0
443,0.6225999593734741,-0.10019999742507936,-0.7244000434875488,0.0287017822265625,-2.11029052734375,4.0
444,0.6211999654769897,-0.0989999771118164,-0.7245999574661255,0.02362060546875,-2.14385986328125,4.0
445,0.621399998664856,-0.0989999771118164,-0.7245999574661255,0.0189056396484375,-2.1575927734375,4.0
446,0.6189999580383301,-0.09780001640319824,-0.7222000360488892,0.01263427734375,-2.142333984375,4.0
447,0.6189999580383301,-0.09859997034072876,-0.7253999710083008,0.00750732421875,-2.10723876953125,4.0
448,0.621399998664856,-0.09820002317428587,-0.7294000387191772,0.0017852783203125,-2.13775634765625,4.0
449,0.621399998664856,-0.09619998931884766,-0.7264000177383423,-0.0014190673828125,-2.093505859375,4.0
450,0.6205999851226807,-0.0997999906539917,-0.7267999649047852,0.0032501220703125,-2.1209716796875,4.0
451,0.6205999851226807,-0.10100001096725464,-0.7253999710083008,0.0073699951171875,-2.11639404296875,4.0
452,0.6238000392913818,-0.10140001773834227,-0.7222000360488892,0.0082855224609375,-2.10113525390625,4.0
453,0.6277999877929688,-0.10259997844696044,-0.7242000102996826,0.0086517333984375,-2.1209716796875,4.0
454,0.6244000196456909,-0.10259997844696044,-0.7224000096321106,0.0104827880859375,-2.09197998046875,4.0
455,0.6232000589370728,-0.10259997844696044,-0.7233999967575073,0.01043701171875,-2.14080810546875,4.0
456,0.6194000244140625,-0.0997999906539917,-0.7253999710083008,0.0071868896484375,-2.11029052734375,4.0
457,0.617400050163269,-0.0997999906539917,-0.7265999913215637,0.0057220458984375,-2.10418701171875,4.0
458,0.6194000244140625,-0.10259997844696044,-0.722599983215332,0.0071868896484375,-2.06756591796875,4.0
459,0.6208000183105469,-0.0997999906539917,-0.7178000211715698,0.0043487548828125,-2.11639404296875,4.0
460,0.6222000122070312,-0.09939998388290404,-0.7184000015258789,-0.002105712890625,-2.0751953125,4.0
461,0.6197999715805054,-0.0997999906539917,-0.7211999893188477,-0.0014190673828125,-2.10113525390625,4.0
462,0.6217999458312988,-0.0997999906539917,-0.7217999696731567,-0.0006866455078125,-2.11639404296875,4.0
463,0.6189999580383301,-0.09939998388290404,-0.7175999879837036,0.0011444091796875,-2.093505859375,4.0
464,0.6210000514984131,-0.0997999906539917,-0.718999981880188,0.009063720703125,-2.10113525390625,4.0
465,0.6203999519348145,-0.10140001773834227,-0.7170000076293945,0.015518188476562497,-2.06146240234375,4.0
466,0.6194000244140625,-0.10019999742507936,-0.7143999934196472,0.0238494873046875,-2.0904541015625,4.0
467,0.6166000366210938,-0.100600004196167,-0.7157999873161316,0.0321807861328125,-2.093505859375,4.0
468,0.6189999580383301,-0.10259997844696044,-0.7170000076293945,0.03936767578125,-2.07366943359375,4.0
469,0.6181999444961548,-0.10000002384185792,-0.7186000347137451,0.040191650390625,-2.0904541015625,4.0
470,0.6200000047683716,-0.10159999132156372,-0.7208000421524048,0.0428466796875,-2.04925537109375,4.0
471,0.617400050163269,-0.0997999906539917,-0.7242000102996826,0.0419769287109375,-2.081298828125,4.0
472,0.6169999837875366,-0.09939998388290404,-0.7242000102996826,0.0387725830078125,-2.069091796875,4.0
473,0.6169999837875366,-0.10019999742507936,-0.7229999899864197,0.0304412841796875,-2.06451416015625,4.0
474,0.6177999973297119,-0.0997999906539917,-0.7245999574661255,0.0223846435546875,-2.07061767578125,4.0
475,0.6161999702453613,-0.10100001096725464,-0.7192000150680542,0.020782470703125,-2.06451416015625,4.0
476,0.617400050163269,-0.100600004196167,-0.7178000211715698,0.022796630859375,-2.07672119140625,4.0
477,0.6166000366210938,-0.10100001096725464,-0.7193999886512756,0.0352935791015625,-2.05230712890625,4.0
478,0.6169999837875366,-0.10140001773834227,-0.7214000225067139,0.04998779296875,-2.05535888671875,4.0
479,0.618399977684021,-0.10100001096725464,-0.7217999696731567,0.0554351806640625,-2.0660400390625,4.0
480,0.6189999580383301,-0.09939998388290404,-0.7174000144004822,0.0592803955078125,-2.484130859375,4.0
481,0.6161999702453613,-0.10039997100830078,-0.7192000150680542,0.05767822265625,-2.05230712890625,4.0
482,0.6189999580383301,-0.10100001096725464,-0.7245999574661255,0.051727294921875,-2.02789306640625,4.0
483,0.6145999431610107,-0.10100001096725464,-0.722599983215332,0.05364990234375,-2.05535888671875,4.0
484,0.6147999763488771,-0.1021999716758728,-0.7197999954223633,0.0586395263671875,-2.0599365234375,4.0
485,0.6167999505996704,-0.10140001773834227,-0.7222000360488892,0.0593719482421875,-2.03399658203125,4.0
486,0.6158000230789185,-0.0989999771118164,-0.7239999771118164,0.0615692138671875,-2.0538330078125,4.0
487,0.617400050163269,-0.10159999132156372,-0.7272000312805176,0.061248779296875014,-2.01568603515625,4.0
488,0.6158000230789185,-0.0997999906539917,-0.7251999974250793,0.0628509521484375,-2.03399658203125,4.0
489,0.6145999431610107,-0.0997999906539917,-0.7287999987602234,0.0709991455078125,-2.03094482421875,4.0
490,0.6145999431610107,-0.0974000096321106,-0.7265999913215637,0.072967529296875,-2.0355224609375,4.0
491,0.6158000230789185,-0.09859997034072876,-0.7244000434875488,0.07269287109375,-2.02178955078125,4.0
492,0.617400050163269,-0.10079997777938844,-0.723800003528595,0.0794219970703125,-2.0355224609375,4.0
493,0.6150000095367432,-0.0997999906539917,-0.7224000096321106,0.08660888671875,-2.03704833984375,4.0
494,0.6167999505996704,-0.100600004196167,-0.7197999954223633,0.0869293212890625,-2.020263671875,4.0
495,0.613800048828125,-0.09820002317428587,-0.7209999561309814,0.0815277099609375,-2.00958251953125,4.0
496,0.6141999959945679,-0.09759998321533203,-0.7186000347137451,0.0723724365234375,-2.03704833984375,4.0
497,0.6150000095367432,-0.0974000096321106,-0.7222000360488892,0.064910888671875,-2.02789306640625,4.0
498,0.6166000366210938,-0.10000002384185792,-0.7214000225067139,0.0599212646484375,-2.00042724609375,4.0
499,0.6177999973297119,-0.0997999906539917,-0.7217999696731567,0.05731201171875,-2.00042724609375,4.0
500,0.9082000255584716,-0.16119998693466187,-0.10100001096725464,-0.0964508056640625,-0.90179443359375,3.0
501,0.9085999727249146,-0.1629999876022339,-0.0965999960899353,-0.0915985107421875,-1.02081298828125,3.0
502,0.9112000465393066,-0.16360002756118774,-0.09460002183914183,-0.085968017578125,-0.87432861328125,3.0
503,0.9085999727249146,-0.16339999437332153,-0.09839999675750732,-0.0847320556640625,-0.86212158203125,3.0
504,0.9098000526428224,-0.1624000072479248,-0.09479999542236328,-0.0856475830078125,-0.86517333984375,3.0
505,0.9085999727249146,-0.16259998083114624,-0.0942000150680542,-0.0881195068359375,-0.836181640625,3.0
506,0.908400058746338,-0.16060000658035278,-0.09299999475479126,-0.0925140380859375,-0.83160400390625,3.0
507,0.909000039100647,-0.16019999980926514,-0.09219998121261597,-0.097869873046875,-0.84686279296875,3.0
508,0.909000039100647,-0.16180002689361572,-0.09020000696182252,-0.10528564453125,-0.84686279296875,3.0
509,0.9077999591827391,-0.1597999930381775,-0.08960002660751343,-0.1139373779296875,-0.927734375,3.0
510,0.9098000526428224,-0.16180002689361572,-0.0925999879837036,-0.1188812255859375,-0.82855224609375,3.0
511,0.9085999727249146,-0.15939998626708984,-0.09719997644424437,-0.12286376953125,-0.7965087890625,3.0
512,0.9082000255584716,-0.15700000524520874,-0.10140001773834227,-0.1242828369140625,-0.80718994140625,3.0
513,0.9093999862670898,-0.15820002555847168,-0.09500002861022948,-0.1253814697265625,-1.27105712890625,3.0
514,0.9112000465393066,-0.1592000126838684,-0.09179997444152832,-0.1230010986328125,-0.77972412109375,3.0
515,0.9121999740600586,-0.16019999980926514,-0.09460002183914183,-0.1178741455078125,-0.76751708984375,3.0
516,0.9127999544143676,-0.15759998559951782,-0.0974000096321106,-0.1132049560546875,-0.77972412109375,3.0
517,0.9146000146865844,-0.15759998559951782,-0.10000002384185792,-0.1081695556640625,-0.78277587890625,3.0
518,0.9132000207901,-0.15539997816085815,-0.10100001096725464,-0.0993804931640625,-0.775146484375,3.0
519,0.910599946975708,-0.1531999707221985,-0.09299999475479126,-0.0940704345703125,-0.92010498046875,3.0
520,0.9138000011444092,-0.15719997882843018,-0.0942000150680542,-0.09320068359375,-0.74310302734375,3.0
521,0.910599946975708,-0.1565999984741211,-0.09780001640319824,-0.09539794921875,-0.74615478515625,3.0
522,0.9112000465393066,-0.15439999103546145,-0.09640002250671388,-0.098052978515625,-0.73699951171875,3.0
523,0.9113999605178832,-0.1557999849319458,-0.09680002927780153,-0.1019439697265625,-0.74005126953125,3.0
524,0.9113999605178832,-0.15420001745224,-0.09380000829696657,-0.1041412353515625,-0.6988525390625,3.0
525,0.9099999666213988,-0.15060001611709595,-0.09060001373291016,-0.1027679443359375,-0.71868896484375,3.0
526,0.908400058746338,-0.15280002355575562,-0.08980000019073486,-0.099151611328125,-0.848388671875,3.0
527,0.9098000526428224,-0.15380001068115234,-0.0934000015258789,-0.0906829833984375,-0.69427490234375,3.0
528,0.912999987602234,-0.15539997816085815,-0.09219998121261597,-0.0829010009765625,-0.67291259765625,3.0
529,0.9140000343322754,-0.15439999103546145,-0.08980000019073486,-0.0755767822265625,-0.689697265625,3.0
530,0.9121999740600586,-0.15479999780654907,-0.0910000205039978,-0.0669708251953125,-0.67291259765625,3.0
531,0.9118000268936156,-0.15439999103546145,-0.09280002117156982,-0.0585479736328125,-0.68511962890625,3.0
532,0.9101999998092652,-0.15420001745224,-0.0925999879837036,-0.0503082275390625,-0.64239501953125,3.0
533,0.9118000268936156,-0.15539997816085815,-0.09179997444152832,-0.0443572998046875,-0.65155029296875,3.0
534,0.9134000539779664,-0.15719997882843018,-0.09039998054504396,-0.04156494140625,-0.653076171875,3.0
535,0.9101999998092652,-0.15420001745224,-0.09020000696182252,-0.0414276123046875,-0.64849853515625,3.0
536,0.9085999727249146,-0.15460002422332764,-0.09179997444152832,-0.040740966796875,-0.64849853515625,3.0
537,0.9082000255584716,-0.15539997816085815,-0.09020000696182252,-0.0387725830078125,-0.60577392578125,3.0
538,0.9101999998092652,-0.15759998559951782,-0.0925999879837036,-0.0371246337890625,-0.6195068359375,3.0
539,0.9101999998092652,-0.15700000524520874,-0.09280002117156982,-0.0338287353515625,-0.61492919921875,3.0
540,0.9101999998092652,-0.15700000524520874,-0.09539997577667236,-0.0303497314453125,-0.59967041015625,3.0
541,0.9112000465393066,-0.15700000524520874,-0.09219998121261597,-0.0266876220703125,-0.5950927734375,3.0
542,0.9098000526428224,-0.15460002422332764,-0.09140002727508544,-0.0228424072265625,-0.58135986328125,3.0
543,0.9121999740600586,-0.15560001134872434,-0.08859997987747192,-0.0176239013671875,-0.56304931640625,3.0
544,0.9101999998092652,-0.1549999713897705,-0.09280002117156982,-0.0100250244140625,-0.57830810546875,3.0
545,0.9074000120162964,-0.15560001134872434,-0.08980000019073486,-0.0014190673828125,-0.57220458984375,3.0
546,0.9079999923706056,-0.15700000524520874,-0.09179997444152832,0.0080108642578125,-0.555419921875,3.0
547,0.9093999862670898,-0.15859997272491455,-0.0925999879837036,0.01556396484375,-0.55084228515625,3.0
548,0.9074000120162964,-0.1597999930381775,-0.0878000259399414,0.0204620361328125,-0.54473876953125,3.0
549,0.9079999923706056,-0.16019999980926514,-0.08499997854232788,0.0242156982421875,-0.51727294921875,3.0
550,0.9101999998092652,-0.15820002555847168,-0.08399999141693115,0.0265045166015625,-0.52947998046875,3.0
551,0.9099999666213988,-0.16140002012252808,-0.08380001783370973,0.02728271484375,-0.52337646484375,3.0
552,0.9101999998092652,-0.16339999437332153,-0.08380001783370973,0.0280609130859375,-0.49591064453125,3.0
553,0.9077999591827391,-0.16140002012252808,-0.08520001173019409,0.0310821533203125,-0.506591796875,3.0
554,0.9065999984741212,-0.16039997339248654,-0.0907999873161316,0.0344696044921875,-0.59356689453125,3.0
555,0.9049999713897704,-0.16019999980926514,-0.08840000629425049,0.038543701171875,-0.51727294921875,3.0
556,0.9062000513076782,-0.16019999980926514,-0.09240001440048218,0.0431671142578125,-0.52337646484375,3.0
557,0.9049999713897704,-0.15939998626708984,-0.0899999737739563,0.04998779296875,-0.46539306640625,3.0
558,0.9046000242233276,-0.15700000524520874,-0.08859997987747192,0.0590057373046875,-0.44403076171875,3.0
559,0.9041999578475952,-0.1574000120162964,-0.08819997310638428,0.069488525390625,-0.42877197265625,3.0
560,0.9026000499725342,-0.15960001945495605,-0.09039998054504396,0.0782318115234375,-0.445556640625,3.0
561,0.902999997138977,-0.16019999980926514,-0.08600002527236937,0.0821685791015625,-0.44097900390625,3.0
562,0.9043999910354614,-0.16079998016357422,-0.08939999341964723,0.0816192626953125,-0.40130615234375,3.0
563,0.9057999849319458,-0.16100001335144046,-0.08980000019073486,0.079376220703125,-0.39825439453125,3.0
564,0.9069999456405641,-0.15820002555847168,-0.09020000696182252,0.0754852294921875,-0.40130615234375,3.0
565,0.9085999727249146,-0.1621999740600586,-0.08939999341964723,0.0706329345703125,-0.40740966796875,3.0
566,0.9049999713897704,-0.16200000047683716,-0.08740001916885376,0.0654144287109375,-0.37384033203125,3.0
567,0.9049999713897704,-0.1597999930381775,-0.08579999208450317,0.0614776611328125,-0.36773681640625,3.0
568,0.9041999578475952,-0.16019999980926514,-0.08499997854232788,0.0584564208984375,-0.36773681640625,3.0
569,0.9049999713897704,-0.16100001335144046,-0.08700001239776611,0.0569000244140625,-0.37384033203125,3.0
570,0.9062000513076782,-0.15839999914169312,-0.08840000629425049,0.0558929443359375,-0.36773681640625,3.0
571,0.9069999456405641,-0.15780001878738406,-0.09179997444152832,0.05401611328125,-0.3631591796875,3.0
572,0.9032000303268432,-0.15700000524520874,-0.09119999408721924,0.0536956787109375,-0.33111572265625,3.0
573,0.9027999639511108,-0.15780001878738406,-0.09060001373291016,0.0533294677734375,-0.34332275390625,3.0
574,0.9038000106811525,-0.15820002555847168,-0.0925999879837036,0.053009033203125,-0.32806396484375,3.0
575,0.9026000499725342,-0.1589999794960022,-0.09140002727508544,0.0522308349609375,-0.33111572265625,3.0
576,0.9005999565124512,-0.1557999849319458,-0.08819997310638428,0.05181884765625,-0.32196044921875,3.0
577,0.902400016784668,-0.15780001878738406,-0.09039998054504396,0.049713134765625,-0.31585693359375,3.0
578,0.9007999897003174,-0.15520000457763672,-0.08859997987747192,0.0431671142578125,-0.29144287109375,3.0
579,0.9041999578475952,-0.15640002489089966,-0.0934000015258789,0.0359344482421875,-0.274658203125,3.0
580,0.9038000106811525,-0.15539997816085815,-0.08880001306533812,0.0282440185546875,-0.28533935546875,3.0
581,0.9021999835968018,-0.15700000524520874,-0.08700001239776611,0.02362060546875,-0.24566650390625,3.0
582,0.9027999639511108,-0.1549999713897705,-0.08619999885559082,0.0201873779296875,-0.274658203125,3.0
583,0.9026000499725342,-0.1549999713897705,-0.08859997987747192,0.0188140869140625,-0.25787353515625,3.0
584,0.9021999835968018,-0.15439999103546145,-0.09219998121261597,0.0207366943359375,-0.24871826171875,3.0
585,0.9049999713897704,-0.15420001745224,-0.0925999879837036,0.0236663818359375,-0.225830078125,3.0
586,0.9077999591827391,-0.15460002422332764,-0.0942000150680542,0.0270538330078125,-0.23651123046875,3.0
587,0.9069999456405641,-0.1525999903678894,-0.09380000829696657,0.0289764404296875,-0.20904541015625,3.0
588,0.90339994430542,-0.1534000039100647,-0.09219998121261597,0.0289764404296875,-0.22125244140625,3.0
589,0.902999997138977,-0.1517999768257141,-0.08880001306533812,0.0274200439453125,-0.21514892578125,3.0
590,0.9049999713897704,-0.1517999768257141,-0.09039998054504396,0.0246734619140625,-0.286865234375,3.0
591,0.9038000106811525,-0.15140002965927124,-0.08980000019073486,0.0207366943359375,-0.164794921875,3.0
592,0.9049999713897704,-0.1510000228881836,-0.09140002727508544,0.01593017578125,-0.18463134765625,3.0
593,0.9054000377655028,-0.15420001745224,-0.09020000696182252,0.009521484375,-0.189208984375,3.0
594,0.9049999713897704,-0.15399998426437378,-0.08899998664855957,0.0055389404296875,-0.14801025390625,3.0
595,0.9057999849319458,-0.15479999780654907,-0.09200000762939453,0.0016937255859375,-0.152587890625,3.0
596,0.9069999456405641,-0.15560001134872434,-0.0910000205039978,-0.0014190673828125,-0.16021728515625,3.0
597,0.9041999578475952,-0.1534000039100647,-0.08819997310638428,-0.0051727294921875,-0.140380859375,3.0
598,0.9049999713897704,-0.1531999707221985,-0.08499997854232788,-0.0065460205078125,-0.13275146484375,3.0
599,0.9049999713897704,-0.15420001745224,-0.08539998531341553,-0.0059967041015625,-0.09918212890625,3.0
600,0.9085999727249146,-0.1281999945640564,0.12259995937347412,0.0054473876953125,-0.00457763671875,7.0
601,0.9062000513076782,-0.12980002164840698,0.11500000953674315,0.0005950927734375,0.01068115234375,7.0
602,0.9079999923706056,-0.1290000081062317,0.11500000953674315,-0.0028839111328125,0.05645751953125,7.0
603,0.9082000255584716,-0.13040000200271604,0.11559998989105225,-0.003753662109375,0.07171630859375,7.0
604,0.9107999801635742,-0.13220000267028809,0.125,-0.0032501220703125,0.10833740234375,7.0
605,0.9096000194549559,-0.13300001621246338,0.11899995803833008,-0.0047149658203125,0.13580322265625,7.0
606,0.9054000377655028,-0.13300001621246338,0.1128000020980835,-0.0083770751953125,0.152587890625,7.0
607,0.902999997138977,-0.13300001621246338,0.09660005569458008,-0.0059051513671875,0.17242431640625,7.0
608,0.9005999565124512,-0.13419997692108154,0.09660005569458008,-0.0041656494140625,0.17852783203125,7.0
609,0.9048000574111938,-0.13620001077651978,0.10319995880126953,-0.0066375732421875,0.22125244140625,7.0
610,0.9057999849319458,-0.13539999723434448,0.111799955368042,-0.01007080078125,0.23651123046875,7.0
611,0.9096000194549559,-0.13580000400543213,0.11339998245239258,-0.0131378173828125,0.26092529296875,7.0
612,0.9065999984741212,-0.1377999782562256,0.10339999198913574,-0.01629638671875,0.28076171875,7.0
613,0.9054000377655028,-0.13819998502731326,0.09860002994537354,-0.0195465087890625,0.3204345703125,7.0
614,0.9069999456405641,-0.13819998502731326,0.10220003128051758,-0.0215606689453125,0.347900390625,7.0
615,0.9098000526428224,-0.13840001821517944,0.11140000820159912,-0.0233917236328125,0.36163330078125,7.0
616,0.9085999727249146,-0.13819998502731326,0.1202000379562378,-0.0262298583984375,0.38909912109375,7.0
617,0.9069999456405641,-0.1345999836921692,0.12259995937347412,-0.0277862548828125,0.45013427734375,7.0
618,0.9074000120162964,-0.13599997758865354,0.11539995670318605,-0.0250396728515625,0.445556640625,7.0
619,0.9049999713897704,-0.13499999046325686,0.111799955368042,-0.025543212890625,0.46539306640625,7.0
620,0.9082000255584716,-0.13580000400543213,0.11020004749298096,-0.02764892578125,0.4913330078125,7.0
621,0.9085999727249146,-0.13499999046325686,0.1122000217437744,-0.0270538330078125,0.52337646484375,7.0
622,0.9085999727249146,-0.13580000400543213,0.11500000953674315,-0.0267333984375,0.54779052734375,7.0
623,0.9098000526428224,-0.1340000033378601,0.11699998378753662,-0.027374267578125,0.57525634765625,7.0
624,0.9096000194549559,-0.1377999782562256,0.11020004749298096,-0.0255889892578125,0.5950927734375,7.0
625,0.909000039100647,-0.13620001077651978,0.1064000129699707,-0.0217437744140625,0.59661865234375,7.0
626,0.9098000526428224,-0.1377999782562256,0.10660004615783693,-0.0185394287109375,0.6378173828125,7.0
627,0.908400058746338,-0.13819998502731326,0.10380005836486816,-0.0158843994140625,0.701904296875,7.0
628,0.9074000120162964,-0.13819998502731326,0.10739994049072266,-0.013092041015625,0.69427490234375,7.0
629,0.9041999578475952,-0.13620001077651978,0.10819995403289796,-0.0130462646484375,0.7110595703125,7.0
630,0.9077999591827391,-0.13620001077651978,0.10819995403289796,-0.015518188476562497,0.73394775390625,7.0
631,0.9057999849319458,-0.13340002298355105,0.10759997367858888,-0.0142364501953125,0.75225830078125,7.0
632,0.9065999984741212,-0.13580000400543213,0.10979998111724854,-0.0129547119140625,0.80108642578125,7.0
633,0.9063999652862548,-0.1340000033378601,0.10819995403289796,-0.0147857666015625,0.82550048828125,7.0
634,0.9049999713897704,-0.13359999656677246,0.1053999662399292,-0.0165252685546875,0.85906982421875,7.0
635,0.9069999456405641,-0.13340002298355105,0.10259997844696044,-0.0142364501953125,0.89111328125,7.0
636,0.9062000513076782,-0.13200002908706665,0.10660004615783693,-0.0098419189453125,0.88958740234375,7.0
637,0.9041999578475952,-0.1313999891281128,0.10339999198913574,-0.00750732421875,0.91705322265625,7.0
638,0.9054000377655028,-0.13260000944137573,0.09860002994537354,-0.0047149658203125,0.946044921875,7.0
639,0.9054000377655028,-0.1348000168800354,0.100600004196167,-0.0024261474609375,0.99945068359375,7.0
640,0.9076000452041626,-0.13620001077651978,0.10020005702972412,-0.0027923583984375,1.01165771484375,7.0
641,0.9074000120162964,-0.13300001621246338,0.1053999662399292,-0.0032501220703125,1.007080078125,7.0
642,0.910599946975708,-0.1313999891281128,0.1064000129699707,-0.0013275146484375,1.03607177734375,7.0
643,0.908400058746338,-0.13179999589920044,0.1069999933242798,-0.0012359619140625,1.01165771484375,7.0
644,0.9065999984741212,-0.13220000267028809,0.10860002040863036,-0.00274658203125,1.06353759765625,7.0
645,0.9074000120162964,-0.1345999836921692,0.1045999526977539,-0.0009613037109375,1.055908203125,7.0
646,0.9085999727249146,-0.13580000400543213,0.10479998588562013,-0.0003204345703125,1.16729736328125,7.0
647,0.9098000526428224,-0.13499999046325686,0.10259997844696044,-0.0066375732421875,1.18255615234375,7.0
648,0.9077999591827391,-0.13380002975463867,0.10179996490478516,-0.00787353515625,1.18560791015625,7.0
649,0.9085999727249146,-0.1345999836921692,0.10319995880126953,-0.0055389404296875,1.21002197265625,7.0
650,0.910599946975708,-0.13539999723434448,0.10619997978210448,-0.0035247802734375,1.08489990234375,7.0
651,0.9121999740600586,-0.13539999723434448,0.10500001907348633,0.0035247802734375,1.28021240234375,7.0
652,0.9119999408721924,-0.13440001010894775,0.10979998111724854,0.0113067626953125,1.07269287109375,7.0
653,0.9127999544143676,-0.13620001077651978,0.11140000820159912,0.0164337158203125,1.30767822265625,7.0
654,0.9113999605178832,-0.1363999843597412,0.11300003528594972,0.0192718505859375,1.34429931640625,7.0
655,0.910599946975708,-0.1377999782562256,0.11699998378753662,0.024078369140625,1.39007568359375,7.0
656,0.9107999801635742,-0.13700002431869507,0.11660003662109375,0.0273284912109375,1.385498046875,7.0
657,0.9121999740600586,-0.1377999782562256,0.11600005626678468,0.0285186767578125,0.909423828125,7.0
658,0.9113999605178832,-0.13739997148513794,0.11619997024536133,0.0299835205078125,1.42059326171875,7.0
659,0.9093999862670898,-0.13380002975463867,0.11339998245239258,0.030303955078125,1.09405517578125,7.0
660,0.910599946975708,-0.13539999723434448,0.11339998245239258,0.0299835205078125,1.46636962890625,7.0
661,0.9098000526428224,-0.13679999113082886,0.1122000217437744,0.03277587890625,1.49688720703125,7.0
662,0.908400058746338,-0.13620001077651978,0.1128000020980835,0.0352020263671875,1.5228271484375,7.0
663,0.9069999456405641,-0.13940000534057614,0.11600005626678468,0.0377655029296875,1.53350830078125,7.0
664,0.9048000574111938,-0.1377999782562256,0.11500000953674315,0.0379486083984375,1.605224609375,7.0
665,0.90339994430542,-0.13679999113082886,0.10899996757507324,0.0381317138671875,1.60980224609375,7.0
666,0.9032000303268432,-0.13499999046325686,0.1109999418258667,0.0357513427734375,1.629638671875,7.0
667,0.9021999835968018,-0.13499999046325686,0.11259996891021727,0.0318145751953125,1.6265869140625,7.0
668,0.9018000364303588,-0.13340002298355105,0.11660003662109375,0.0271453857421875,1.69677734375,7.0
669,0.9016000032424928,-0.13099998235702515,0.11919999122619628,0.0229339599609375,1.68914794921875,7.0
670,0.8990000486373901,-0.13020002841949466,0.12100005149841307,0.022064208984375,1.71356201171875,7.0
671,0.9002000093460083,-0.13220000267028809,0.12179994583129886,0.02069091796875,1.36566162109375,7.0
672,0.9002000093460083,-0.12980002164840698,0.1233999729156494,0.018310546875,1.75323486328125,7.0
673,0.9026000499725342,-0.13179999589920044,0.12419998645782472,0.01318359375,1.812744140625,7.0
674,0.9019999504089355,-0.13040000200271604,0.12559998035430908,0.00897216796875,1.80816650390625,7.0
675,0.9010000228881836,-0.13340002298355105,0.12419998645782472,0.0077362060546875,1.8218994140625,7.0
676,0.899399995803833,-0.1345999836921692,0.11979997158050534,0.0067291259765625,1.68609619140625,7.0
677,0.8990000486373901,-0.1363999843597412,0.11699998378753662,0.0055389404296875,1.89361572265625,7.0
678,0.9021999835968018,-0.13340002298355105,0.1202000379562378,0.0045318603515625,1.89971923828125,7.0
679,0.9052000045776368,-0.13380002975463867,0.12039995193481445,0.0048065185546875,1.94244384765625,7.0
680,0.902999997138977,-0.13419997692108154,0.111799955368042,0.0072784423828125,1.96685791015625,7.0
681,0.9032000303268432,-0.13679999113082886,0.10179996490478516,0.0102081298828125,1.96380615234375,7.0
682,0.9048000574111938,-0.13700002431869507,0.1016000509262085,0.009246826171875,2.0172119140625,7.0
683,0.9085999727249146,-0.13359999656677246,0.10940003395080566,0.0081024169921875,2.02789306640625,7.0
684,0.9063999652862548,-0.13499999046325686,0.1109999418258667,0.0031585693359375,2.02789306640625,7.0
685,0.9049999713897704,-0.13679999113082886,0.10020005702972412,-0.0029754638671875,2.05230712890625,7.0
686,0.9010000228881836,-0.13580000400543213,0.0867999792098999,-0.0054931640625,2.09503173828125,7.0
687,0.9038000106811525,-0.13700002431869507,0.07879996299743652,-0.0058135986328125,2.093505859375,7.0
688,0.909000039100647,-0.13899999856948853,0.09099996089935304,-0.0039825439453125,2.11944580078125,7.0
689,0.9082000255584716,-0.13739997148513794,0.0958000421524048,-4.57763671875e-05,2.13470458984375,7.0
690,0.9082000255584716,-0.13819998502731326,0.09360003471374513,0.0051727294921875,2.14996337890625,7.0
691,0.9069999456405641,-0.13919997215270996,0.08879995346069336,0.0086517333984375,2.1942138671875,7.0
692,0.9082000255584716,-0.14139997959136966,0.08539998531341553,0.0110321044921875,2.203369140625,7.0
693,0.9101999998092652,-0.13899999856948853,0.09200000762939453,0.0119476318359375,2.24151611328125,7.0
694,0.9121999740600586,-0.13819998502731326,0.10300004482269287,0.0076446533203125,2.00347900390625,7.0
695,0.9134000539779664,-0.13999998569488525,0.10739994049072266,0.00347900390625,2.29949951171875,7.0
696,0.9091999530792236,-0.13940000534057614,0.09940004348754884,0.0007781982421875,2.30560302734375,7.0
697,0.908400058746338,-0.14139997959136966,0.0934000015258789,-0.0016937255859375,2.2979736328125,7.0
698,0.9115999937057496,-0.14160001277923584,0.0958000421524048,-0.0037994384765625,2.35443115234375,7.0
699,0.9155999422073364,-0.1395999789237976,0.10220003128051758,-0.0065460205078125,2.35595703125,7.0
